Model,Best_CV_Score,Best_Params,Val_Accuracy,Val_Precision,Val_Recall,Val_F1,Val_AUC
Logistic Regression,0.7949344758064516,"{'C': 1, 'penalty': 'l2', 'solver': 'lbfgs'}",0.620253164556962,0.7346938775510204,0.6792452830188679,0.7058823529411765,0.6719883889695211
Decision Tree,0.7378055695564516,"{'max_depth': 10, 'min_samples_leaf': 4, 'min_samples_split': 10}",0.6075949367088608,0.72,0.6792452830188679,0.6990291262135923,0.6338896952104499
Random Forest,0.8786164314516128,"{'max_depth': None, 'min_samples_leaf': 1, 'min_samples_split': 2, 'n_estimators': 200}",0.7341772151898734,0.7857142857142857,0.8301886792452831,0.8073394495412844,0.6875907111756169
SVM,0.8933026713709676,"{'C': 10, 'gamma': 'scale', 'kernel': 'rbf'}",0.6708860759493671,0.7454545454545455,0.7735849056603774,0.7592592592592593,0.5696661828737302
