Model,Val_RMSE,Val_MAE,Val_R2
Linear Regression,4.417089925109802,3.4614459406416174,-0.15132254628323172
Random Forest Regressor,3.672753758762663,2.724441514038966,0.20400901082992573
