feature,importance_mean,importance_std
SquareFeet,1.1361654594936046,0.015734324362555927
Total_Rooms,0.004792439273696547,0.0006042015315496894
Bedrooms,0.0027605112404190833,0.0003685781628893775
SqFt_Per_Room,8.563611992971066e-05,0.00010137141658612066
Neighborhood_Encoded,6.138197480644036e-05,5.9696234657132097e-05
Bathrooms,0.0,0.0
YearBuilt,0.0,0.0
House_Age,0.0,0.0
Is_Vintage,0.0,0.0
Is_New,0.0,0.0
SqFt_x_Neighborhood,0.0,0.0
Room_Ratio,-1.845072796591296e-06,5.893764662954337e-05
