customerID,churn_probability,churn_prediction,risk_category
CUST_1000,0.07750156553127878,0,Low Risk
CUST_1001,0.4331541937951442,0,Medium Risk
CUST_1002,0.006905052023904949,0,Low Risk
CUST_1003,0.8740099183449336,1,High Risk
CUST_1004,0.28969505858602346,0,Low Risk
